INSERT INTO student(id, name, surname, dob, primary_skill, created_datetime, updated_datetime)
VALUES (1, 'Peter', 'Parker', '2000-01-01', 'Stress management', now(), now()),
       (2, 'Kyron', 'Orozco', '2001-03-02', 'Research', now(), now()),
       (3, 'Silas', 'Wright', '2000-01-06', 'Data analysis', now(), now()),
       (4, 'Izaak', 'Caldwell', '2002-05-15', 'Stress management', now(), now()),
       (5, 'Jackson J', 'Ashley', '1999-06-01', 'Teamwork', now(), now()),
       (6, 'Colby', 'Fox', '2003-07-15', 'Data analysis', now(), now()),
       (7, 'Nathanael', 'Merrill', '2001-11-23', 'Problem-solving', now(), now()),
       (8, 'Francesca', 'Santiago', '1999-01-14', 'Research', now(), now()),
       (9, 'Sebastian', 'Riggs', '2000-01-10', 'Research', now(), now()),
       (10, 'Mark J.', 'Parks', '2002-06-12', 'Teamwork', now(), now()),
       (11, 'Beau', 'Raymond', '2001-04-03', 'Data analysis', now(), now()),
       (12, 'Ronald', 'Stein', '1999-11-08', 'Stress management', now(), now()),
       (13, 'Tamzin', 'Burns', '2000-02-02', 'Problem-solving', now(), now()),
       (14, 'Seamus', 'Mckay', '2002-08-11', 'Research', now(), now()),
       (15, 'Demi', 'Wall', '1999-06-30', 'Teamwork', now(), now()),
       (16, 'Kendra', 'Lozano', '2000-10-25', 'Problem-solving', now(), now()),
       (17, 'Emilio', 'Dennis', '1999-12-12', 'Research', now(), now()),
       (18, 'Sinead', 'Reed', '2000-09-08', 'Research', now(), now()),
       (19, 'Mattie Mark', 'Hodge', '2002-05-05', 'Stress and team management', now(), now()),
       (20, 'Marshall Bethany', 'Carpenter', '1999-03-04', 'Data analysis', now(), now()),
       (21, 'Alia', 'Serrano', '2002-06-01', 'Problem-solving', now(), now()),
       (22, 'Tim', 'Hensley', '2003-05-04', 'Teamwork', now(), now()),
       (23, 'Bradley', 'Mccoy', '2000-01-15', 'Research', now(), now()),
       (24, 'Alma', 'Newman', '2001-01-23', 'Stress management', now(), now());

INSERT INTO phone(id, student_id, number)
VALUES (1, 1, '8452253'),
       (2, 2, '2459668'),
       (3, 3, '5039825'),
       (4, 4, '4304506'),
       (5, 5, '8372354'),
       (6, 6, '8335141'),
       (7, 7, '4426144'),
       (8, 8, '6358606'),
       (9, 9, '3166179'),
       (10, 10, '6757364'),
       (11, 11, '4700405'),
       (12, 12, '3271249'),
       (13, 13, '1392350'),
       (14, 14, '2562401'),
       (15, 15, '2793695'),
       (16, 16, '6828041'),
       (17, 17, '1536669'),
       (18, 18, '9538197'),
       (19, 19, '7122636'),
       (20, 20, '1973289');

INSERT INTO subject(id, name, tutor)
VALUES (1, 'Engineering services', 'Jessica Clark'),
       (2, 'Identity and services', 'Sarah Davis'),
       (3, 'Security engineer associate', 'Stephanie Miller'),
       (4, 'Developing solutions', 'Mrs. Sydney Lee'),
       (5, 'Designing enterprise networks', 'Eric Rogers'),
       (6, 'Business process design', 'Holly Russell'),
       (7, 'Cloud computing', 'Roger Adams'),
       (8, 'Algorithms and data structures', 'Charles Wong'),
       (9, 'Business leadership', 'Jillian Sullivan'),
       (10, 'Game development', 'Elijah Johnson');

INSERT INTO exam_result(id, student_id, subject_id, mark)
VALUES (1, 20, 3, 1),
       (2, 9, 8, 1),
       (3, 12, 3, 3),
       (4, 18, 6, 2),
       (5, 19, 5, 7),
       (6, 16, 10, 1),
       (7, 6, 7, 10),
       (8, 10, 8, 6),
       (9, 18, 6, 9),
       (10, 3, 8, 10),
       (11, 19, 5, 5),
       (12, 20, 7, 4),
       (13, 14, 7, 2),
       (14, 11, 2, 1),
       (15, 5, 9, 8),
       (16, 9, 7, 1),
       (17, 9, 1, 8),
       (18, 16, 3, 8),
       (19, 20, 6, 7),
       (20, 6, 2, 8),
       (21, 9, 7, 10),
       (22, 13, 7, 3),
       (23, 3, 7, 7),
       (24, 3, 10, 1),
       (25, 7, 7, 10),
       (26, 1, 8, 4),
       (27, 17, 9, 6),
       (28, 4, 5, 3),
       (29, 11, 2, 4),
       (30, 7, 1, 1),
       (31, 7, 5, 2),
       (32, 12, 7, 4),
       (33, 2, 5, 1),
       (34, 10, 8, 4),
       (35, 1, 9, 3),
       (36, 18, 8, 8),
       (37, 9, 7, 9),
       (38, 12, 9, 3),
       (39, 2, 9, 5),
       (40, 17, 10, 10),
       (41, 11, 3, 5),
       (42, 1, 8, 3),
       (43, 16, 2, 2),
       (44, 1, 1, 3),
       (45, 14, 4, 5),
       (46, 2, 8, 6),
       (47, 1, 3, 10),
       (48, 9, 3, 3),
       (49, 12, 6, 4),
       (50, 20, 10, 6),
       (51, 2, 5, 6),
       (52, 17, 3, 1),
       (53, 17, 10, 9),
       (54, 19, 7, 3),
       (55, 9, 9, 2),
       (56, 20, 2, 8),
       (57, 2, 3, 10),
       (58, 1, 10, 1),
       (59, 2, 4, 5),
       (60, 3, 6, 2),
       (61, 12, 7, 5),
       (62, 14, 10, 5),
       (63, 15, 2, 10),
       (64, 16, 8, 5),
       (65, 15, 6, 8),
       (66, 6, 8, 9),
       (67, 9, 8, 6),
       (68, 12, 6, 7),
       (69, 9, 8, 1),
       (70, 3, 6, 2),
       (71, 7, 9, 9),
       (72, 2, 4, 4),
       (73, 13, 8, 4),
       (74, 14, 8, 5),
       (75, 1, 3, 1),
       (76, 9, 2, 3),
       (77, 14, 6, 1),
       (78, 1, 6, 1),
       (79, 16, 6, 3),
       (80, 4, 5, 10),
       (81, 9, 9, 7),
       (82, 10, 8, 8),
       (83, 10, 1, 9),
       (84, 13, 7, 1),
       (85, 3, 1, 3),
       (86, 8, 8, 9),
       (87, 11, 2, 10),
       (88, 5, 3, 2),
       (89, 16, 7, 2),
       (90, 3, 6, 9),
       (91, 13, 3, 8),
       (92, 5, 10, 4),
       (93, 11, 6, 10),
       (94, 18, 4, 1),
       (95, 3, 3, 1),
       (96, 1, 2, 3),
       (97, 16, 3, 3),
       (98, 2, 10, 2),
       (99, 1, 5, 10),
       (100, 16, 9, 6)

